genome	detected_scaffolds	true_scaffolds	true_length	SNPs	BiAllelic_SNPs	MultiAllelic_SNPs	consensus_SNPs	population_SNPs	breadth	coverage	std_cov	mean_clonality	rarefied_mean_microdiversity	conANI	popANI	unmaskedBreadth	expected_breadth
all_scaffolds	1	1	29840	70	64	0	7	6	0.9991286863270776	33.796246648793556	8.191150450204017	0.9970725703208252	0.0021092386415162427	0.9997651952234	0.9997987387629143	0.9990616621983914	0.9999999999998904
