genome	detected_scaffolds	true_scaffolds	true_length	SNPs	BiAllelic_SNPs	MultiAllelic_SNPs	consensus_SNPs	population_SNPs	breadth	coverage	std_cov	mean_clonality	rarefied_mean_microdiversity	conANI	popANI	unmaskedBreadth	expected_breadth
all_scaffolds	1	1	29840	12	1	0	11	11	0.9430294906166221	29.09544235924933	74.29941332911699	0.9989858562731396	0.0005738182230429213	0.9989724427837459	0.9989724427837459	0.35874664879356577	0.999999999993043
