pos	snp	freq
240	C	0.675
240	T	0.325
1058	C	0.775
1058	T	0.225
2667	C	0.95
2667	T	0.05
3036	C	0.675
3036	T	0.325
4775	C	0.875
4775	T	0.125
5466	C	0.925
5466	T	0.075
6635	C	0.95
6635	T	0.05
8388	C	0.925
8388	T	0.075
8524	G	0.65
8524	A	0.35
8781	C	0.825
8781	T	0.175
8784	G	0.925
8784	A	0.075
9093	T	0.95
9093	C	0.05
12882	T	0.95
12882	C	0.05
14407	C	0.6923076923076923
14407	T	0.3076923076923077
16067	G	0.95
16067	T	0.05
16984	C	0.95
16984	T	0.05
17481	A	0.65
17481	G	0.35
17746	C	0.825
17746	T	0.175
17857	A	0.825
17857	G	0.175
18059	C	0.825
18059	T	0.175
21125	T	0.65
21125	C	0.35
23402	A	0.675
23402	G	0.325
24814	G	0.8974358974358975
24814	C	0.10256410256410256
25562	G	0.7
25562	T	0.3
26170	T	0.95
26170	A	0.05
26911	C	0.95
26911	T	0.05
28085	G	0.875
28085	T	0.125
28143	T	0.825
28143	C	0.175
28367	G	0.95
28367	T	0.05
28886	C	0.65
28886	T	0.35
